id;code;version;arrêté;date_debut;date_fin;no_version
AGRI-EQ-101v14-1;AGRI-EQ-101;A14-1;Arrêté du 22 décembre 2014;2015-01-01;;1
AGRI-EQ-102v14-1;AGRI-EQ-102;A14-1;Arrêté du 22 décembre 2014;2015-01-01;;1
AGRI-EQ-104v14-1;AGRI-EQ-104;A14-1;Arrêté du 22 décembre 2014;2015-01-01;;1
AGRI-EQ-105v28-1;AGRI-EQ-105;A28-1;Arrêté du 6 décembre 2018 ;2018-12-19;;1
AGRI-EQ-106v32-1;AGRI-EQ-106;A32-1;Arrêté du 10 janvier 2020 ;2020-01-31;;1
AGRI-EQ-107v38-1;AGRI-EQ-107;A38-1;Arrêté du 19 juillet 2021 ;2021-07-31;;1
AGRI-EQ-108v38-1;AGRI-EQ-108;A38-1;Arrêté du 19 juillet 2021 ;2021-07-31;2024-01-31;1
AGRI-EQ-108v58-2;AGRI-EQ-108;A58-2;Arrêté du 22 décembre 2023;2024-02-01;2028-12-31;2
AGRI-EQ-109v38-1;AGRI-EQ-109;A38-1;Arrêté du 19 juillet 2021 ;2021-07-31;2024-01-31;1
AGRI-EQ-109v58-2;AGRI-EQ-109;A58-2;Arrêté du 22 décembre 2023;2024-02-01;2028-12-31;2
AGRI-EQ-110v38-1;AGRI-EQ-110;A38-1;Arrêté du 19 juillet 2021 ;2021-07-31;;1
AGRI-SE-101v19-1;AGRI-SE-101;A19-1;Arrêté du 22 décembre 2015 ;2016-01-04;2022-03-31;1
AGRI-SE-101v40-2;AGRI-SE-101;A40-2;Arrêté du 17 décembre 2021 ;2022-04-01;;2
AGRI-TH-101v14-1;AGRI-TH-101;A14-1;Arrêté du 22 décembre 2014;2015-01-01;;1
AGRI-TH-102v14-1;AGRI-TH-102;A14-1;Arrêté du 22 décembre 2014;2015-01-01;;1
AGRI-TH-103v15-1;AGRI-TH-103;A15-1;Arrêté du 20 mars 2015;2015-01-01;;1
AGRI-TH-104v16-1;AGRI-TH-104;A16-1;Arrêté du 29 juin 2015;2015-01-01;2018-03-31;1
AGRI-TH-104v27-2;AGRI-TH-104;A27-2;Arrêté du 22 décembre 2017 ;2018-04-01;2020-09-30;2
AGRI-TH-104v35-3;AGRI-TH-104;A35-3;Arrêté du 24 juillet 2020 ;2020-10-01;;3
AGRI-TH-105v16-1;AGRI-TH-105;A16-1;Arrêté du 29 juin 2015;2015-01-01;;1
AGRI-TH-108v15-1;AGRI-TH-108;A15-1;Arrêté du 20 mars 2015;2015-01-01;2020-09-30;1
AGRI-TH-108v35-2;AGRI-TH-108;A35-2;Arrêté du 24 juillet 2020 ;2020-10-01;;2
AGRI-TH-109v14-1;AGRI-TH-109;A14-1;Arrêté du 22 décembre 2014;2015-01-01;2023-12-31;1
AGRI-TH-109v54-2;AGRI-TH-109;A54-2;Arrêté du 15 septembre 2023;2024-01-01;2028-06-30;2
AGRI-TH-110v14-1;AGRI-TH-110;A14-1;Arrêté du 22 décembre 2014;2015-01-01;2020-09-30;1
AGRI-TH-110v35-2;AGRI-TH-110;A35-2;Arrêté du 24 juillet 2020 ;2020-10-01;2023-12-31;2
AGRI-TH-110v54-3;AGRI-TH-110;A54-3;Arrêté du 15 septembre 2023;2024-01-01;2028-06-30;3
AGRI-TH-113v14-1;AGRI-TH-113;A14-1;Arrêté du 22 décembre 2014;2015-01-01;;1
AGRI-TH-116v17-1;AGRI-TH-116;A17-1;Arrêté du 31 juillet 2015;2015-01-01;2020-03-31;1
AGRI-TH-117v14-1;AGRI-TH-117;A14-1;Arrêté du 22 décembre 2014;2015-01-01;;1
AGRI-TH-118v14-1;AGRI-TH-118;A14-1;Arrêté du 22 décembre 2014;2015-01-01;;1
AGRI-TH-119v28-1;AGRI-TH-119;A28-1;Arrêté du 6 décembre 2018 ;2018-12-19;;1
AGRI-UT-101v15-1;AGRI-UT-101;A15-1;Arrêté du 20 mars 2015;2015-01-01;2016-12-22;1
AGRI-UT-101v24-2;AGRI-UT-101;A24-2;Arrêté du 14 décembre 2016 ;2016-12-23;;2
AGRI-UT-102v14-1;AGRI-UT-102;A14-1;Arrêté du 22 décembre 2014;2015-01-01;2016-05-31;1
AGRI-UT-102v22-2;AGRI-UT-102;A22-2;Arrêté du 2 juin 2016 ;2016-06-01;;2
AGRI-UT-103v19-1;AGRI-UT-103;A19-1;Arrêté du 22 décembre 2015 ;2016-01-04;;1
AGRI-UT-104v23-1;AGRI-UT-104;A23-1;Arrêté du 20 octobre 2016 ;2015-01-01;;1
BAR-EN-101v14-1;BAR-EN-101;A14-1;Arrêté du 22 décembre 2014;2015-01-01;2018-03-31;1
BAR-EN-101v27-2;BAR-EN-101;A27-2;Arrêté du 22 décembre 2017 ;2018-04-01;2020-08-31;2
BAR-EN-101v33-3;BAR-EN-101;A33-3;Arrêté du 25 mars 2020 ;2020-09-01;2022-04-30;3
BAR-EN-101v39-4;BAR-EN-101;A39-4;Arrêté du 10 décembre 2021 ;2022-05-01;2023-12-31;4
BAR-EN-101v54-5;BAR-EN-101;A54-5;Arrêté du 15 septembre 2023;2024-01-01;2027-04-30;5
BAR-EN-102v14-1;BAR-EN-102;A14-1;Arrêté du 22 décembre 2014;2015-01-01;2022-04-30;1
BAR-EN-102v39-2;BAR-EN-102;A39-2;Arrêté du 10 décembre 2021 ;2022-05-01;;2
BAR-EN-103v14-1;BAR-EN-103;A14-1;Arrêté du 22 décembre 2014;2015-01-01;2019-03-31;1
BAR-EN-103v29-2;BAR-EN-103;A29-2;Arrêté du 31 décembre 2018 ;2019-04-01;2020-08-31;2
BAR-EN-103v33-3;BAR-EN-103;A33-3;Arrêté du 25 mars 2020 ;2020-09-01;2020-10-11;3
BAR-EN-103v36-4;BAR-EN-103;A36-4;Arrêté du 8 octobre 2020 ;2020-10-12;2022-04-30;4
BAR-EN-103v39-5;BAR-EN-103;A39-5;Arrêté du 10 décembre 2021 ;2022-05-01;;5
BAR-EN-104v14-1;BAR-EN-104;A14-1;Arrêté du 22 décembre 2014;2015-01-01;2023-12-31;1
BAR-EN-104v54-2;BAR-EN-104;A54-2;Arrêté du 15 septembre 2023;2024-01-01;2028-06-30;2
BAR-EN-105v14-1;BAR-EN-105;A14-1;Arrêté du 22 décembre 2014;2015-01-01;2021-03-31;1
BAR-EN-105v37-2;BAR-EN-105;A37-2;Arrêté du 18 décembre 2020 ;2021-04-01;2022-04-30;2
BAR-EN-105v39-3;BAR-EN-105;A39-3;Arrêté du 10 décembre 2021 ;2022-05-01;;3
BAR-EN-106v15-1;BAR-EN-106;A15-1;Arrêté du 20 mars 2015;2015-01-01;2015-10-04;1
BAR-EN-106v18-2;BAR-EN-106;A18-2;Arrêté du 30 septembre 2015 ;2015-10-05;2016-03-12;2
BAR-EN-106v20-3;BAR-EN-106;A20-3;Arrêté du 8 février 2016 ;2016-03-13;2020-08-31;3
BAR-EN-106v33-4;BAR-EN-106;A33-4;Arrêté du 25 mars 2020 ;2020-09-01;;4
BAR-EN-107v15-1;BAR-EN-107;A15-1;Arrêté du 20 mars 2015;2015-01-01;2015-10-04;1
BAR-EN-107v18-2;BAR-EN-107;A18-2;Arrêté du 30 septembre 2015 ;2015-10-05;2016-03-12;2
BAR-EN-107v20-3;BAR-EN-107;A20-3;Arrêté du 8 février 2016 ;2016-03-13;;3
BAR-EN-108v14-1;BAR-EN-108;A14-1;Arrêté du 22 décembre 2014;2015-01-01;2021-03-31;1
BAR-EN-108v37-2;BAR-EN-108;A37-2;Arrêté du 18 décembre 2020 ;2021-04-01;2023-12-31;2
BAR-EN-108v54-3;BAR-EN-108;A54-3;Arrêté du 15 septembre 2023;2024-01-01;2028-06-30;3
BAR-EN-109v24-1;BAR-EN-109;A24-1;Arrêté du 14 décembre 2016 ;2016-12-23;;1
BAR-EN-110v35-1;BAR-EN-110;A35-1;Arrêté du 24 juillet 2020 ;2020-08-03;;1
BAR-EQ-101v14-1;BAR-EQ-101;A14-1;Arrêté du 22 décembre 2014;2015-01-01;2017-09-30;1
BAR-EQ-102v15-1;BAR-EQ-102;A15-1;Arrêté du 20 mars 2015;2015-01-01;2022-08-31;1
BAR-EQ-103v15-1;BAR-EQ-103;A15-1;Arrêté du 20 mars 2015;2015-01-01;2022-08-31;1
BAR-EQ-110v15-1;BAR-EQ-110;A15-1;Arrêté du 20 mars 2015;2015-01-01;;1
BAR-EQ-111v14-1;BAR-EQ-111;A14-1;Arrêté du 22 décembre 2014;2015-01-01;2016-06-30;1
BAR-EQ-111v21-2;BAR-EQ-111;A21-2;Arrêté du 4 mars 2016 ;2016-07-01;2017-09-30;2
BAR-EQ-111v26-3;BAR-EQ-111;A26-3;Arrêté du 26 juillet 2017 ;2017-10-01;2022-03-31;3
BAR-EQ-112v14-1;BAR-EQ-112;A14-1;Arrêté du 22 décembre 2014;2015-01-01;2014-12-31;1
BAR-EQ-112v15-2;BAR-EQ-112;A15-2;Arrêté du 20 mars 2015 - Rectificatif;2015-01-01;2016-04-30;2
BAR-EQ-113v17-1;BAR-EQ-113;A17-1;Arrêté du 31 juillet 2015;2015-01-01;2018-12-31;1
BAR-EQ-114v17-1;BAR-EQ-114;A17-1;Arrêté du 31 juillet 2015;2015-01-01;2018-12-31;1
BAR-EQ-115v28-1;BAR-EQ-115;A28-1;Arrêté du 6 décembre 2018 ;2019-01-01;;1
BAR-SE-104v19-1;BAR-SE-104;A19-1;Arrêté du 22 décembre 2015 ;2016-01-04;;1
BAR-SE-105v28-1;BAR-SE-105;A28-1;Arrêté du 6 décembre 2018 ;2018-12-19;;1
BAR-SE-106v32-1;BAR-SE-106;A32-1;Arrêté du 10 janvier 2020 ;2020-04-01;;1
BAR-SE-107v37-1;BAR-SE-107;A37-1;Arrêté du 18 décembre 2020 ;2020-12-31;;1
BAR-SE-108v48-1;BAR-SE-108;A48-1;Arrêté du 7 octobre 2022 ;2022-10-14;;1
BAR-SE-109v54-1;BAR-SE-109;A54-1;Arrêté du 15 septembre 2023;2023-09-30;;1
BAR-TH-101v17-1;BAR-TH-101;A17-1;Arrêté du 31 juillet 2015;2015-01-01;;1
BAR-TH-102v17-1;BAR-TH-102;A17-1;Arrêté du 31 juillet 2015;2015-01-01;;1
BAR-TH-104v14-1;BAR-TH-104;A14-1;Arrêté du 22 décembre 2014;2015-01-01;2017-01-31;1
BAR-TH-104v23-2;BAR-TH-104;A23-2;Arrêté du 20 octobre 2016 - Rectificatif;2017-02-01;2022-03-31;2
BAR-TH-104v41-3;BAR-TH-104;A41-3;Arrêté du 17 décembre 2021 ;2022-04-01;2023-12-31;3
BAR-TH-106v14-1;BAR-TH-106;A14-1;Arrêté du 22 décembre 2014;2015-01-01;2017-01-31;1
BAR-TH-106v23-2;BAR-TH-106;A23-2;Arrêté du 20 octobre 2016 - Rectificatif;2017-02-01;2023-12-31;2
BAR-TH-107-SEv14-1;BAR-TH-107-SE;A14-1;Arrêté du 22 décembre 2014;2015-01-01;;1
BAR-TH-107v14-1;BAR-TH-107;A14-1;Arrêté du 22 décembre 2014;2015-01-01;;1
BAR-TH-110v16-1;BAR-TH-110;A16-1;Arrêté du 29 juin 2015;2015-01-01;;1
BAR-TH-111v17-1;BAR-TH-111;A17-1;Arrêté du 31 juillet 2015;2015-01-01;;1
BAR-TH-112v14-1;BAR-TH-112;A14-1;Arrêté du 22 décembre 2014;2015-01-01;2020-09-30;1
BAR-TH-112v35-2;BAR-TH-112;A35-2;Arrêté du 24 juillet 2020 ;2020-10-01;2022-09-30;2
BAR-TH-112v46-3;BAR-TH-112;A46-3;Arrêté du 25 juillet 2022 ;2022-10-01;;3
BAR-TH-113v14-1;BAR-TH-113;A14-1;Arrêté du 22 décembre 2014;2015-01-01;2021-03-31;1
BAR-TH-113v37-2;BAR-TH-113;A37-2;Arrêté du 18 décembre 2020 ;2021-04-01;2022-03-31;2
BAR-TH-113v41-3;BAR-TH-113;A41-3;Arrêté du 17 décembre 2021 ;2022-04-01;;3
BAR-TH-115v16-1;BAR-TH-115;A16-1;Arrêté du 29 juin 2015;2015-01-01;2016-03-12;1
BAR-TH-115v20-2;BAR-TH-115;A20-2;Arrêté du 8 février 2016 ;2016-03-13;2018-03-31;2
BAR-TH-116v17-1;BAR-TH-116;A17-1;Arrêté du 31 juillet 2015;2015-01-01;;1
BAR-TH-117v14-1;BAR-TH-117;A14-1;Arrêté du 22 décembre 2014;2015-01-01;;1
BAR-TH-118v14-1;BAR-TH-118;A14-1;Arrêté du 22 décembre 2014;2015-01-01;2023-12-31;1
BAR-TH-121v16-1;BAR-TH-121;A16-1;Arrêté du 29 juin 2015;2015-01-01;2018-03-31;1
BAR-TH-121v27-2;BAR-TH-121;A27-2;Arrêté du 22 décembre 2017 ;2018-04-01;2020-09-30;2
BAR-TH-122v15-1;BAR-TH-122;A15-1;Arrêté du 20 mars 2015;2015-01-01;;1
BAR-TH-123v17-1;BAR-TH-123;A17-1;Arrêté du 31 juillet 2015;2015-01-01;2023-12-31;1
BAR-TH-123v54-2;BAR-TH-123;A54-2;Arrêté du 15 septembre 2023;2024-01-01;2028-06-30;2
BAR-TH-124v14-1;BAR-TH-124;A14-1;Arrêté du 22 décembre 2014;2015-01-01;2015-10-04;1
BAR-TH-124v18-2;BAR-TH-124;A18-2;Arrêté du 30 septembre 2015 ;2015-10-05;2020-09-30;2
BAR-TH-124v35-3;BAR-TH-124;A35-3;Arrêté du 24 juillet 2020 ;2020-10-01;;3
BAR-TH-125v16-1;BAR-TH-125;A16-1;Arrêté du 29 juin 2015;2015-01-01;2020-03-31;1
BAR-TH-125v32-2;BAR-TH-125;A32-2;Arrêté du 10 janvier 2020 ;2020-04-01;2020-10-11;2
BAR-TH-125v36-3;BAR-TH-125;A36-3;Arrêté du 8 octobre 2020 ;2020-10-12;2022-03-31;3
BAR-TH-125v40-4;BAR-TH-125;A40-4;Arrêté du 17 décembre 2021 ;2022-04-01;2023-12-31;4
BAR-TH-125v54-5;BAR-TH-125;A54-5;Arrêté du 15 septembre 2023;2024-01-01;2028-06-30;5
BAR-TH-127v16-1;BAR-TH-127;A16-1;Arrêté du 29 juin 2015;2015-01-01;2020-03-31;1
BAR-TH-127v32-2;BAR-TH-127;A32-2;Arrêté du 10 janvier 2020 ;2020-04-01;2020-10-11;2
BAR-TH-127v36-3;BAR-TH-127;A36-3;Arrêté du 8 octobre 2020 ;2020-10-12;2022-03-31;3
BAR-TH-127v40-4;BAR-TH-127;A40-4;Arrêté du 17 décembre 2021 ;2022-04-01;2023-12-31;4
BAR-TH-127v54-5;BAR-TH-127;A54-5;Arrêté du 15 septembre 2023;2024-01-01;2024-03-31;5
BAR-TH-127v58-6;BAR-TH-127;A58-6;Arrêté du 22 décembre 2023;2024-04-01;2028-06-30;6
BAR-TH-129v14-1;BAR-TH-129;A14-1;Arrêté du 22 décembre 2014;2015-01-01;2015-06-30;1
BAR-TH-129v17-2;BAR-TH-129;A17-2;Arrêté du 31 juillet 2015;2015-07-01;2018-03-31;2
BAR-TH-129v27-3;BAR-TH-129;A27-3;Arrêté du 22 décembre 2017 ;2018-04-01;;3
BAR-TH-130v26-1;BAR-TH-130;A26-1;Arrêté du 26 juillet 2017 ;2015-01-01;2023-12-31;1
BAR-TH-130v54-2;BAR-TH-130;A54-2;Arrêté du 15 septembre 2023;2024-01-01;2024-03-31;2
BAR-TH-130v58-3;BAR-TH-130;A58-3;Arrêté du 22 décembre 2023;2024-04-01;2027-12-31;3
BAR-TH-131v16-1;BAR-TH-131;A16-1;Arrêté du 29 juin 2015;2015-01-01;2016-03-12;1
BAR-TH-131v20-2;BAR-TH-131;A20-2;Arrêté du 8 février 2016 ;2016-03-13;2018-03-31;2
BAR-TH-135v14-1;BAR-TH-135;A14-1;Arrêté du 22 décembre 2014;2015-01-01;2020-09-30;1
BAR-TH-135v35-2;BAR-TH-135;A35-2;Arrêté du 24 juillet 2020 ;2020-10-01;;2
BAR-TH-137v17-1;BAR-TH-137;A17-1;Arrêté du 31 juillet 2015;2015-01-01;2020-09-30;1
BAR-TH-137v35-2;BAR-TH-137;A35-2;Arrêté du 24 juillet 2020 ;2020-10-01;2022-08-31;2
BAR-TH-137v45-3;BAR-TH-137;A45-3;Arrêté du 12 juillet 2022 ;2022-09-01;;3
BAR-TH-139v14-1;BAR-TH-139;A14-1;Arrêté du 22 décembre 2014;2015-01-01;2017-01-31;1
BAR-TH-139v23-2;BAR-TH-139;A23-2;Arrêté du 20 octobre 2016 - Rectificatif;2017-02-01;;2
BAR-TH-141v15-1;BAR-TH-141;A15-1;Arrêté du 20 mars 2015;2015-01-01;;1
BAR-TH-143v25-1;BAR-TH-143;A25-1;Arrêté du 2 mars 2017 ;2015-01-01;2023-02-28;1
BAR-TH-143v51-5;BAR-TH-143;A51-5;Arrêté du 21 décembre 2022 ;2023-03-01;;2
BAR-TH-145v19-1;BAR-TH-145;A19-1;Arrêté du 22 décembre 2015 ;2015-01-01;2020-03-31;1
BAR-TH-145v32-2;BAR-TH-145;A32-2;Arrêté du 10 janvier 2020 ;2020-04-01;2020-10-11;2
BAR-TH-145v36-3;BAR-TH-145;A36-3;Arrêté du 8 octobre 2020 ;2020-10-12;2023-07-31;3
BAR-TH-145v52-4;BAR-TH-145;A52-4;Arrêté du 27 juin 2023;2023-08-01;;4
BAR-TH-148v14-1;BAR-TH-148;A14-1;Arrêté du 22 décembre 2014;2015-01-01;2014-12-31;1
BAR-TH-148v15-2;BAR-TH-148;A15-2;Arrêté du 20 mars 2015 - Rectificatif;2015-01-01;;2
BAR-TH-150v14-1;BAR-TH-150;A14-1;Arrêté du 22 décembre 2014;2015-01-01;;1
BAR-TH-155v16-1;BAR-TH-155;A16-1;Arrêté du 29 juin 2015;2015-01-01;2020-03-31;1
BAR-TH-155v32-2;BAR-TH-155;A32-2;Arrêté du 10 janvier 2020 ;2020-04-01;2020-10-11;2
BAR-TH-155v36-3;BAR-TH-155;A36-3;Arrêté du 8 octobre 2020 ;2020-10-12;2022-03-31;3
BAR-TH-155v40-4;BAR-TH-155;A40-4;Arrêté du 17 décembre 2021 ;2022-04-01;;4
BAR-TH-158v15-1;BAR-TH-158;A15-1;Arrêté du 20 mars 2015;2015-01-01;2020-09-30;1
BAR-TH-158v35-2;BAR-TH-158;A35-2;Arrêté du 24 juillet 2020 ;2020-10-01;;2
BAR-TH-159v26-1;BAR-TH-159;A26-1;Arrêté du 26 juillet 2017 ;2017-08-09;2022-03-31;1
BAR-TH-159v41-2;BAR-TH-159;A41-2;Arrêté du 17 décembre 2021 ;2022-04-01;2022-10-31;2
BAR-TH-159v44-3;BAR-TH-159;A44-3;Arrêté du 20 juillet 2022 ;2022-11-01;2023-03-31;3
BAR-TH-159v50-4;BAR-TH-159;A50-4;Arrêté du 20 décembre 2022 ;2023-04-01;;4
BAR-TH-160v27-1;BAR-TH-160;A27-1;Arrêté du 22 décembre 2017 ;2018-04-01;2022-04-30;1
BAR-TH-160v39-2;BAR-TH-160;A39-2;Arrêté du 10 décembre 2021 ;2022-05-01;2023-03-31;2
BAR-TH-160v50-3;BAR-TH-160;A50-3;Arrêté du 20 décembre 2022 ;2023-04-01;2023-09-30;3
BAR-TH-160v54-4;BAR-TH-160;A54-4;Arrêté du 15 septembre 2023;2023-10-01;2028-03-31;4
BAR-TH-161v28-1;BAR-TH-161;A28-1;Arrêté du 6 décembre 2018 ;2018-12-19;2023-09-30;1
BAR-TH-161v54-2;BAR-TH-161;A54-2;Arrêté du 15 septembre 2023;2023-10-01;;2
BAR-TH-162v28-1;BAR-TH-162;A28-1;Arrêté du 6 décembre 2018 ;2018-12-19;;1
BAR-TH-163v30-1;BAR-TH-163;A30-1;Arrêté du 24 mai 2019 ;2019-06-10;2021-10-31;1
BAR-TH-163v38-2;BAR-TH-163;A38-2;Arrêté du 19 juillet 2021 ;2021-11-01;;2
BAR-TH-164v31-1;BAR-TH-164;A31-1;Arrêté du 31 juillet 2019 ;2019-09-01;2020-10-11;1
BAR-TH-164v36-2;BAR-TH-164;A36-2;Arrêté du 8 octobre 2020 ;2020-10-12;2023-07-31;2
BAR-TH-164v52-3;BAR-TH-164;A52-3;Arrêté du 27 juin 2023;2023-08-01;2024-12-31;3
BAR-TH-165v34-1;BAR-TH-165;A34-1;Arrêté du 4 mai 2020 ;2020-05-20;;1
BAR-TH-166v38-1;BAR-TH-166;A38-1;Arrêté du 19 juillet 2021 ;2021-07-31;;1
BAR-TH-167v38-1;BAR-TH-167;A38-1;Arrêté du 19 juillet 2021 ;2021-07-31;;1
BAR-TH-168v40-1;BAR-TH-168;A40-1;Arrêté du 17 décembre 2021 ;2021-12-29;;1
BAR-TH-169v46-1;BAR-TH-169;A46-1;Arrêté du 25 juillet 2022 ;2022-08-05;;1
BAR-TH-170v54-1;BAR-TH-170;A54-1;Arrêté du 15 septembre 2023;2023-09-30;2028-06-30;1
BAR-TH-171v55-1;BAR-TH-171;A55-1;Arrêté du 4 octobre 2023;2024-01-01;2028-06-30;1
BAR-TH-172v55-1;BAR-TH-172;A55-1;Arrêté du 4 octobre 2023;2024-01-01;2028-06-30;1
BAR-TH-173v56-1;BAR-TH-173;A56-1;Arrêté du 19 décembre 2023;2023-11-30;2026-12-31;1
BAR-TH-174v57-1;BAR-TH-174;A57-1;Arrêté du 20 décembre 2023;2024-01-01;2028-12-31;1
BAR-TH-175v57-1;BAR-TH-175;A57-1;Arrêté du 20 décembre 2023;2024-01-01;2028-12-31;1
BAR-TH-176v58-1;BAR-TH-176;A58-1;Arrêté du 22 décembre 2023;2023-12-29;2028-12-31;1
BAT-EN-101v14-1;BAT-EN-101;A14-1;Arrêté du 22 décembre 2014;2015-01-01;2018-03-31;1
BAT-EN-101v27-2;BAT-EN-101;A27-2;Arrêté du 22 décembre 2017 ;2018-04-01;2020-08-31;2
BAT-EN-101v33-3;BAT-EN-101;A33-3;Arrêté du 25 mars 2020 ;2020-09-01;;3
BAT-EN-102v14-1;BAT-EN-102;A14-1;Arrêté du 22 décembre 2014;2015-01-01;2018-03-31;1
BAT-EN-102v27-2;BAT-EN-102;A27-2;Arrêté du 22 décembre 2017 ;2018-04-01;;2
BAT-EN-103v14-1;BAT-EN-103;A14-1;Arrêté du 22 décembre 2014;2015-01-01;2018-03-31;1
BAT-EN-103v27-2;BAT-EN-103;A27-2;Arrêté du 22 décembre 2017 ;2018-04-01;2020-08-31;2
BAT-EN-103v33-3;BAT-EN-103;A33-3;Arrêté du 25 mars 2020 ;2020-09-01;;3
BAT-EN-104v14-1;BAT-EN-104;A14-1;Arrêté du 22 décembre 2014;2015-01-01;2018-03-31;1
BAT-EN-104v27-2;BAT-EN-104;A27-2;Arrêté du 22 décembre 2017 ;2018-04-01;2023-12-31;2
BAT-EN-104v54-3;BAT-EN-104;A54-3;Arrêté du 15 septembre 2023;2024-01-01;2028-06-30;3
BAT-EN-106v19-1;BAT-EN-106;A19-1;Arrêté du 22 décembre 2015 ;2016-01-04;2020-08-31;1
BAT-EN-106v33-2;BAT-EN-106;A33-2;Arrêté du 25 mars 2020 ;2020-09-01;;2
BAT-EN-107v14-1;BAT-EN-107;A14-1;Arrêté du 22 décembre 2014;2015-01-01;2018-03-31;1
BAT-EN-107v27-2;BAT-EN-107;A27-2;Arrêté du 22 décembre 2017 ;2018-04-01;;2
BAT-EN-108v19-1;BAT-EN-108;A19-1;Arrêté du 22 décembre 2015 ;2016-01-04;;1
BAT-EN-109v24-1;BAT-EN-109;A24-1;Arrêté du 14 décembre 2016 ;2016-12-23;;1
BAT-EN-110v25-1;BAT-EN-110;A25-1;Arrêté du 2 mars 2017 ;2015-01-01;;1
BAT-EN-111v38-1;BAT-EN-111;A38-1;Arrêté du 19 juillet 2021 ;2021-07-31;;1
BAT-EN-112v38-1;BAT-EN-112;A38-1;Arrêté du 19 juillet 2021 ;2021-07-31;;1
BAT-EN-113v54-1;BAT-EN-113;A54-1;Arrêté du 15 septembre 2023;2023-09-30;;1
BAT-EQ-111v16-1;BAT-EQ-111;A16-1;Arrêté du 29 juin 2015;2015-01-01;2019-03-31;1
BAT-EQ-114v24-1;BAT-EQ-114;A24-1;Arrêté du 14 décembre 2016 ;2016-12-23;2019-03-31;1
BAT-EQ-116v14-1;BAT-EQ-116;A14-1;Arrêté du 22 décembre 2014;2015-01-01;2018-03-31;1
BAT-EQ-117v24-1;BAT-EQ-117;A24-1;Arrêté du 14 décembre 2016 ;2016-12-23;2022-03-31;1
BAT-EQ-117v40-2;BAT-EQ-117;A40-2;Arrêté du 17 décembre 2021 ;2022-04-01;;2
BAT-EQ-123v22-1;BAT-EQ-123;A22-1;Arrêté du 2 juin 2016 ;2016-06-01;2017-03-31;1
BAT-EQ-123v25-2;BAT-EQ-123;A25-2;Arrêté du 2 mars 2017 ;2017-04-01;;2
BAT-EQ-124v15-1;BAT-EQ-124;A15-1;Arrêté du 20 mars 2015;2015-01-01;;1
BAT-EQ-125v22-1;BAT-EQ-125;A22-1;Arrêté du 2 juin 2016 ;2016-06-01;;1
BAT-EQ-126v16-1;BAT-EQ-126;A16-1;Arrêté du 29 juin 2015;2015-01-01;2018-03-31;1
BAT-EQ-127v14-1;BAT-EQ-127;A14-1;Arrêté du 22 décembre 2014;2015-01-01;2019-03-31;1
BAT-EQ-127v28-2;BAT-EQ-127;A28-2;Arrêté du 6 décembre 2018 ;2019-04-01;2020-09-30;2
BAT-EQ-127v35-3;BAT-EQ-127;A35-3;Arrêté du 24 juillet 2020 ;2020-10-01;2022-03-31;3
BAT-EQ-127v40-4;BAT-EQ-127;A40-4;Arrêté du 17 décembre 2021 ;2022-04-01;;4
BAT-EQ-129v26-1;BAT-EQ-129;A26-1;Arrêté du 26 juillet 2017 ;2015-01-01;;1
BAT-EQ-130v22-1;BAT-EQ-130;A22-1;Arrêté du 2 juin 2016 ;2016-06-01;;1
BAT-EQ-131v15-1;BAT-EQ-131;A15-1;Arrêté du 20 mars 2015;2015-01-01;;1
BAT-EQ-132v16-1;BAT-EQ-132;A16-1;Arrêté du 29 juin 2015;2015-01-01;2015-12-31;1
BAT-EQ-132v19-2;BAT-EQ-132;A19-2;Arrêté du 22 décembre 2015  - Rectificatif;2016-01-01;2019-03-31;2
BAT-EQ-133v17-1;BAT-EQ-133;A17-1;Arrêté du 31 juillet 2015;2015-01-01;;1
BAT-EQ-134v40-1;BAT-EQ-134;A40-1;Arrêté du 17 décembre 2021 ;2021-12-29;2024-03-31;1
BAT-EQ-134v58-2;BAT-EQ-134;A58-2;Arrêté du 22 décembre 2023;2024-04-01;2028-12-31;2
BAT-SE-103v19-1;BAT-SE-103;A19-1;Arrêté du 22 décembre 2015 ;2016-01-04;;1
BAT-SE-104v31-1;BAT-SE-104;A31-1;Arrêté du 31 juillet 2019 ;2019-09-01;;1
BAT-SE-105v32-1;BAT-SE-105;A32-1;Arrêté du 10 janvier 2020 ;2020-01-31;;1
BAT-TH-102v14-1;BAT-TH-102;A14-1;Arrêté du 22 décembre 2014;2015-01-01;2018-12-31;1
BAT-TH-102v28-2;BAT-TH-102;A28-2;Arrêté du 6 décembre 2018 ;2019-01-01;;2
BAT-TH-103v17-1;BAT-TH-103;A17-1;Arrêté du 31 juillet 2015;2015-01-01;2019-09-30;1
BAT-TH-103v31-2;BAT-TH-103;A31-2;Arrêté du 31 juillet 2019 ;2019-10-01;;2
BAT-TH-104v14-1;BAT-TH-104;A14-1;Arrêté du 22 décembre 2014;2015-01-01;2020-03-31;1
BAT-TH-104v32-2;BAT-TH-104;A32-2;Arrêté du 10 janvier 2020 ;2020-04-01;;2
BAT-TH-105v16-1;BAT-TH-105;A16-1;Arrêté du 29 juin 2015;2015-01-01;2020-03-31;1
BAT-TH-105v32-2;BAT-TH-105;A32-2;Arrêté du 10 janvier 2020 ;2020-04-01;;2
BAT-TH-106v16-1;BAT-TH-106;A16-1;Arrêté du 29 juin 2015;2015-01-01;2018-03-31;1
BAT-TH-106v20-2;BAT-TH-106;A20-2;Arrêté du 8 février 2016 ;2016-03-13;;2
BAT-TH-108v22-1;BAT-TH-108;A22-1;Arrêté du 2 juin 2016 ;2016-06-01;;1
BAT-TH-109v22-1;BAT-TH-109;A22-1;Arrêté du 2 juin 2016 ;2016-06-01;2019-09-30;1
BAT-TH-109v31-2;BAT-TH-109;A31-2;Arrêté du 31 juillet 2019 ;2019-10-01;2023-12-31;2
BAT-TH-109v54-3;BAT-TH-109;A54-3;Arrêté du 15 septembre 2023;2024-01-01;2028-06-30;3
BAT-TH-110v15-1;BAT-TH-110;A15-1;Arrêté du 20 mars 2015;2015-01-01;;1
BAT-TH-111v17-1;BAT-TH-111;A17-1;Arrêté du 31 juillet 2015;2015-01-01;;1
BAT-TH-112v14-1;BAT-TH-112;A14-1;Arrêté du 22 décembre 2014;2015-01-01;2016-05-31;1
BAT-TH-112v22-2;BAT-TH-112;A22-2;Arrêté du 2 juin 2016 ;2016-06-01;;2
BAT-TH-113v14-1;BAT-TH-113;A14-1;Arrêté du 22 décembre 2014;2015-01-01;2014-12-31;1
BAT-TH-113v15-2;BAT-TH-113;A15-2;Arrêté du 20 mars 2015 - Rectificatif;2015-01-01;2018-12-31;2
BAT-TH-113v28-3;BAT-TH-113;A28-3;Arrêté du 6 décembre 2018 ;2019-01-01;2023-12-31;3
BAT-TH-113v54-4;BAT-TH-113;A54-4;Arrêté du 15 septembre 2023;2024-01-01;;4
BAT-TH-115v14-1;BAT-TH-115;A14-1;Arrêté du 22 décembre 2014;2015-01-01;2014-12-31;1
BAT-TH-115v15-2;BAT-TH-115;A15-2;Arrêté du 20 mars 2015 - Rectificatif;2015-01-01;;2
BAT-TH-116v15-1;BAT-TH-116;A15-1;Arrêté du 20 mars 2015;2015-01-01;2018-12-31;1
BAT-TH-116v28-2;BAT-TH-116;A28-2;Arrêté du 6 décembre 2018 ;2019-01-01;2021-10-31;2
BAT-TH-116v38-3;BAT-TH-116;A38-3;Arrêté du 19 juillet 2021 ;2021-11-01;2022-09-30;3
BAT-TH-116v46-4;BAT-TH-116;A46-4;Arrêté du 25 juillet 2022 ;2022-10-01;2023-12-31;4
BAT-TH-116v59-5;BAT-TH-116;A59-5;Arrêté du 22 décembre 2023;2024-01-01;2024-12-31;5
BAT-TH-119v16-1;BAT-TH-119;A16-1;Arrêté du 29 juin 2015;2015-01-01;2018-03-31;1
BAT-TH-119v20-2;BAT-TH-119;A20-2;Arrêté du 8 février 2016 ;2016-03-13;;2
BAT-TH-121v14-1;BAT-TH-121;A14-1;Arrêté du 22 décembre 2014;2015-01-01;2014-12-31;1
BAT-TH-121v15-2;BAT-TH-121;A15-2;Arrêté du 20 mars 2015 - Rectificatif;2015-01-01;2020-09-30;2
BAT-TH-121v35-3;BAT-TH-121;A35-3;Arrêté du 24 juillet 2020 ;2020-10-01;;3
BAT-TH-122v22-1;BAT-TH-122;A22-1;Arrêté du 2 juin 2016 ;2016-06-01;;1
BAT-TH-125v17-1;BAT-TH-125;A17-1;Arrêté du 31 juillet 2015;2015-01-01;2020-03-31;1
BAT-TH-125v32-2;BAT-TH-125;A32-2;Arrêté du 10 janvier 2020 ;2020-04-01;;2
BAT-TH-126v17-1;BAT-TH-126;A17-1;Arrêté du 31 juillet 2015;2015-01-01;2020-03-31;1
BAT-TH-126v32-2;BAT-TH-126;A32-2;Arrêté du 10 janvier 2020 ;2020-04-01;;2
BAT-TH-127v17-1;BAT-TH-127;A17-1;Arrêté du 31 juillet 2015;2015-01-01;2018-12-31;1
BAT-TH-127v28-2;BAT-TH-127;A28-2;Arrêté du 6 décembre 2018 ;2019-01-01;2020-09-30;2
BAT-TH-127v35-3;BAT-TH-127;A35-3;Arrêté du 24 juillet 2020 ;2020-10-01;2022-08-31;3
BAT-TH-127v45-4;BAT-TH-127;A45-4;Arrêté du 12 juillet 2022 ;2022-09-01;;4
BAT-TH-134v22-1;BAT-TH-134;A22-1;Arrêté du 2 juin 2016 ;2016-06-01;;1
BAT-TH-135v26-1;BAT-TH-135;A26-1;Arrêté du 26 juillet 2017 ;2015-01-01;;1
BAT-TH-139v16-1;BAT-TH-139;A16-1;Arrêté du 29 juin 2015;2015-01-01;2018-12-31;1
BAT-TH-139v28-2;BAT-TH-139;A28-2;Arrêté du 6 décembre 2018 ;2019-01-01;2020-09-30;2
BAT-TH-139v35-3;BAT-TH-139;A35-3;Arrêté du 24 juillet 2020 ;2020-10-01;;3
BAT-TH-140v14-1;BAT-TH-140;A14-1;Arrêté du 22 décembre 2014;2015-01-01;2018-12-31;1
BAT-TH-140v28-2;BAT-TH-140;A28-2;Arrêté du 6 décembre 2018 ;2019-01-01;;2
BAT-TH-141v15-1;BAT-TH-141;A15-1;Arrêté du 20 mars 2015;2015-01-01;2018-12-31;1
BAT-TH-141v28-2;BAT-TH-141;A28-2;Arrêté du 6 décembre 2018 ;2019-01-01;;2
BAT-TH-142v19-1;BAT-TH-142;A19-1;Arrêté du 22 décembre 2015 ;2016-01-04;2021-10-31;1
BAT-TH-142v38-2;BAT-TH-142;A38-2;Arrêté du 19 juillet 2021 ;2021-11-01;2023-12-31;2
BAT-TH-142v54-3;BAT-TH-142;A54-3;Arrêté du 15 septembre 2023;2024-01-01;2028-06-30;3
BAT-TH-143v16-1;BAT-TH-143;A16-1;Arrêté du 29 juin 2015;2015-01-01;;1
BAT-TH-145v23-1;BAT-TH-145;A23-1;Arrêté du 20 octobre 2016 ;2015-01-01;;1
BAT-TH-146v27-1;BAT-TH-146;A27-1;Arrêté du 22 décembre 2017 ;2018-04-01;2019-09-30;1
BAT-TH-146v31-2;BAT-TH-146;A31-2;Arrêté du 31 juillet 2019 ;2019-10-01;2023-03-31;2
BAT-TH-146v50-3;BAT-TH-146;A50-3;Arrêté du 20 décembre 2022 ;2023-04-01;2023-09-30;3
BAT-TH-146v54-4;BAT-TH-146;A54-4;Arrêté du 15 septembre 2023;2023-10-01;2028-03-31;4
BAT-TH-153v28-1;BAT-TH-153;A28-1;Arrêté du 6 décembre 2018 ;2018-12-19;;1
BAT-TH-154v28-1;BAT-TH-154;A28-1;Arrêté du 6 décembre 2018 ;2018-12-19;;1
BAT-TH-155v28-1;BAT-TH-155;A28-1;Arrêté du 6 décembre 2018 ;2018-12-19;2023-09-30;1
BAT-TH-155v54-2;BAT-TH-155;A54-2;Arrêté du 15 septembre 2023;2023-10-01;;2
BAT-TH-156v31-1;BAT-TH-156;A31-1;Arrêté du 31 juillet 2019 ;2019-09-01;;1
BAT-TH-157v34-1;BAT-TH-157;A34-1;Arrêté du 4 mai 2020 ;2020-05-20;2023-03-31;1
BAT-TH-157v50-2;BAT-TH-157;A50-2;Arrêté du 20 décembre 2022 ;2023-04-01;;2
BAT-TH-158v40-1;BAT-TH-158;A40-1;Arrêté du 17 décembre 2021 ;2021-12-29;2022-01-30;1
BAT-TH-158v42-2;BAT-TH-158;A42-2;Arrêté du 26 janvier 2022 ;2022-01-31;;2
BAT-TH-159v40-1;BAT-TH-159;A40-1;Arrêté du 17 décembre 2021 ;2021-12-29;;1
BAT-TH-160v54-1;BAT-TH-160;A54-1;Arrêté du 15 septembre 2023;2023-09-30;2028-06-30;1
IND-BA-110v14-1;IND-BA-110;A14-1;Arrêté du 22 décembre 2014;2015-01-01;2016-03-12;1
IND-BA-110v20-2;IND-BA-110;A20-2;Arrêté du 8 février 2016 ;2016-03-13;;2
IND-BA-112v14-1;IND-BA-112;A14-1;Arrêté du 22 décembre 2014;2015-01-01;2015-09-30;1
IND-BA-112v17-2;IND-BA-112;A17-2;Arrêté du 31 juillet 2015;2015-10-01;;2
IND-BA-113v26-1;IND-BA-113;A26-1;Arrêté du 26 juillet 2017 ;2015-01-01;;1
IND-BA-114v15-1;IND-BA-114;A15-1;Arrêté du 20 mars 2015;2015-01-01;;1
IND-BA-115v16-1;IND-BA-115;A16-1;Arrêté du 29 juin 2015;2015-01-01;2015-12-31;1
IND-BA-115v19-2;IND-BA-115;A19-2;Arrêté du 22 décembre 2015  - Rectificatif;2016-01-01;2019-03-31;2
IND-BA-116v27-1;IND-BA-116;A27-1;Arrêté du 22 décembre 2017 ;2018-01-11;2022-03-31;1
IND-BA-116v40-2;IND-BA-116;A40-2;Arrêté du 17 décembre 2021 ;2022-04-01;;2
IND-BA-117v27-1;IND-BA-117;A27-1;Arrêté du 22 décembre 2017 ;2018-01-11;;1
IND-EN-101v23-1;IND-EN-101;A23-1;Arrêté du 20 octobre 2016 ;2015-01-01;;1
IND-EN-102v19-1;IND-EN-102;A19-1;Arrêté du 22 décembre 2015 ;2016-01-04;2020-08-31;1
IND-EN-102v33-2;IND-EN-102;A33-2;Arrêté du 25 mars 2020 ;2020-09-01;;2
IND-UT-102v14-1;IND-UT-102;A14-1;Arrêté du 22 décembre 2014;2015-01-01;2015-12-31;1
IND-UT-102v19-2;IND-UT-102;A19-2;Arrêté du 22 décembre 2015  - Rectificatif;2016-01-01;;2
IND-UT-103v14-1;IND-UT-103;A14-1;Arrêté du 22 décembre 2014;2015-01-01;2015-09-30;1
IND-UT-103v17-2;IND-UT-103;A17-2;Arrêté du 31 juillet 2015;2015-10-01;;2
IND-UT-104v14-1;IND-UT-104;A14-1;Arrêté du 22 décembre 2014;2015-01-01;;1
IND-UT-105v14-1;IND-UT-105;A14-1;Arrêté du 22 décembre 2014;2015-01-01;;1
IND-UT-112v14-1;IND-UT-112;A14-1;Arrêté du 22 décembre 2014;2015-01-01;2022-03-31;1
IND-UT-113v14-1;IND-UT-113;A14-1;Arrêté du 22 décembre 2014;2015-01-01;;1
IND-UT-114v14-1;IND-UT-114;A14-1;Arrêté du 22 décembre 2014;2015-01-01;2016-12-22;1
IND-UT-114v24-2;IND-UT-114;A24-2;Arrêté du 14 décembre 2016 ;2016-12-23;;2
IND-UT-115v15-1;IND-UT-115;A15-1;Arrêté du 20 mars 2015;2015-01-01;;1
IND-UT-116v14-1;IND-UT-116;A14-1;Arrêté du 22 décembre 2014;2015-01-01;;1
IND-UT-117v14-1;IND-UT-117;A14-1;Arrêté du 22 décembre 2014;2015-01-01;2015-09-30;1
IND-UT-117v17-2;IND-UT-117;A17-2;Arrêté du 31 juillet 2015;2015-10-01;2018-03-31;2
IND-UT-117v27-3;IND-UT-117;A27-3;Arrêté du 22 décembre 2017 ;2018-04-01;2020-09-30;3
IND-UT-117v35-4;IND-UT-117;A35-4;Arrêté du 24 juillet 2020 ;2020-10-01;;4
IND-UT-118v14-1;IND-UT-118;A14-1;Arrêté du 22 décembre 2014;2015-01-01;;1
IND-UT-120v14-1;IND-UT-120;A14-1;Arrêté du 22 décembre 2014;2015-01-01;;1
IND-UT-121v14-1;IND-UT-121;A14-1;Arrêté du 22 décembre 2014;2015-01-01;2018-12-31;1
IND-UT-121v28-2;IND-UT-121;A28-2;Arrêté du 6 décembre 2018 ;2019-01-01;2022-03-31;2
IND-UT-121v40-3;IND-UT-121;A40-3;Arrêté du 17 décembre 2021 ;2022-04-01;2023-09-30;3
IND-UT-121v54-4;IND-UT-121;A54-4;Arrêté du 15 septembre 2023;2023-10-01;;4
IND-UT-122v14-1;IND-UT-122;A14-1;Arrêté du 22 décembre 2014;2015-01-01;;1
IND-UT-123v14-1;IND-UT-123;A14-1;Arrêté du 22 décembre 2014;2015-01-01;2022-08-31;1
IND-UT-124v14-1;IND-UT-124;A14-1;Arrêté du 22 décembre 2014;2015-01-01;;1
IND-UT-125v14-1;IND-UT-125;A14-1;Arrêté du 22 décembre 2014;2015-01-01;;1
IND-UT-127v14-1;IND-UT-127;A14-1;Arrêté du 22 décembre 2014;2015-01-01;2014-12-31;1
IND-UT-127v25-2;IND-UT-127;A25-2;Arrêté du 2 mars 2017 ;2015-01-01;;2
IND-UT-129v14-1;IND-UT-129;A14-1;Arrêté du 22 décembre 2014;2015-01-01;2018-12-31;1
IND-UT-129v28-2;IND-UT-129;A28-2;Arrêté du 6 décembre 2018 ;2019-01-01;2020-03-31;2
IND-UT-129v32-3;IND-UT-129;A32-3;Arrêté du 10 janvier 2020 ;2020-04-01;;3
IND-UT-130v19-1;IND-UT-130;A19-1;Arrêté du 22 décembre 2015 ;2016-01-04;;1
IND-UT-131v24-1;IND-UT-131;A24-1;Arrêté du 14 décembre 2016 ;2016-12-23;2020-03-31;1
IND-UT-131v37-2;IND-UT-131;A37-2;Arrêté du 18 décembre 2020 ;2020-04-01;;2
IND-UT-132v26-1;IND-UT-132;A26-1;Arrêté du 26 juillet 2017 ;2017-08-09;;1
IND-UT-133v28-1;IND-UT-133;A28-1;Arrêté du 6 décembre 2018 ;2018-12-19;;1
IND-UT-134v28-1;IND-UT-134;A28-1;Arrêté du 6 décembre 2018 ;2018-12-19;2020-09-30;1
IND-UT-134v35-2;IND-UT-134;A35-2;Arrêté du 24 juillet 2020 ;2020-10-01;;2
IND-UT-135v31-1;IND-UT-135;A31-1;Arrêté du 31 juillet 2019 ;2019-09-01;;1
IND-UT-136v31-1;IND-UT-136;A31-1;Arrêté du 31 juillet 2019 ;2019-09-01;;1
RES-CH-101v16-1;RES-CH-101;A16-1;Arrêté du 29 juin 2015;2015-01-01;;1
RES-CH-103v16-1;RES-CH-103;A16-1;Arrêté du 29 juin 2015;2015-01-01;2020-09-30;1
RES-CH-103v35-2;RES-CH-103;A35-2;Arrêté du 24 juillet 2020 ;2020-10-01;2020-10-11;2
RES-CH-103v36-3;RES-CH-103;A36-3;Arrêté du 8 octobre 2020 ;2020-10-12;;3
RES-CH-104v16-1;RES-CH-104;A16-1;Arrêté du 29 juin 2015;2015-01-01;2020-09-30;1
RES-CH-104v35-2;RES-CH-104;A35-2;Arrêté du 24 juillet 2020 ;2020-10-01;2020-10-11;2
RES-CH-104v36-3;RES-CH-104;A36-3;Arrêté du 8 octobre 2020 ;2020-10-12;;3
RES-CH-105v24-1;RES-CH-105;A24-1;Arrêté du 14 décembre 2016 ;2016-12-23;2020-09-30;1
RES-CH-105v35-2;RES-CH-105;A35-2;Arrêté du 24 juillet 2020 ;2020-10-01;2020-10-11;2
RES-CH-105v36-3;RES-CH-105;A36-3;Arrêté du 8 octobre 2020 ;2020-10-12;;3
RES-CH-106v25-1;RES-CH-106;A25-1;Arrêté du 2 mars 2017 ;2015-01-01;2021-10-31;1
RES-CH-106v38-2;RES-CH-106;A38-2;Arrêté du 19 juillet 2021 ;2021-11-01;2023-03-31;2
RES-CH-106v50-3;RES-CH-106;A50-3;Arrêté du 20 décembre 2022 ;2023-04-01;29/02/2023;3
RES-CH-106v60-4;RES-CH-106;A60-4;Arrêté du 22 février 2024;2024-03-01;;4
RES-CH-107v24-1;RES-CH-107;A24-1;Arrêté du 14 décembre 2016 ;2016-12-23;2020-09-30;1
RES-CH-107v35-2;RES-CH-107;A35-2;Arrêté du 24 juillet 2020 ;2020-10-01;2020-10-11;2
RES-CH-107v36-3;RES-CH-107;A36-3;Arrêté du 8 octobre 2020 ;2020-10-12;29/02/2023;3
RES-CH-107v60-4;RES-CH-107;A60-4;Arrêté du 22 février 2024;2024-03-01;;4
RES-CH-108v32-1;RES-CH-108;A32-1;Arrêté du 10 janvier 2020 ;2020-04-01;2020-05-19;1
RES-CH-108v34-2;RES-CH-108;A34-2;Arrêté du 4 mai 2020 ;2020-05-20;2021-03-31;2
RES-CH-108v37-3;RES-CH-108;A37-3;Arrêté du 18 décembre 2020 ;2021-04-01;2023-09-30;3
RES-CH-108v53-4;RES-CH-108;A53-4;Arrêté du 13 juin 2023;2023-10-01;2028-09-30;4
RES-EC-101v14-1;RES-EC-101;A14-1;Arrêté du 22 décembre 2014;2015-01-01;2022-03-31;1
RES-EC-102v14-1;RES-EC-102;A14-1;Arrêté du 22 décembre 2014;2015-01-01;2022-03-31;1
RES-EC-103v14-1;RES-EC-103;A14-1;Arrêté du 22 décembre 2014;2015-01-01;;1
RES-EC-104v14-1;RES-EC-104;A14-1;Arrêté du 22 décembre 2014;2015-01-01;;1
RES-EC-107v14-1;RES-EC-107;A14-1;Arrêté du 22 décembre 2014;2015-01-01;2022-03-31;1
TRA-EQ-101v14-1;TRA-EQ-101;A14-1;Arrêté du 22 décembre 2014;2015-01-01;;1
TRA-EQ-103v14-1;TRA-EQ-103;A14-1;Arrêté du 22 décembre 2014;2015-01-01;;1
TRA-EQ-104v14-1;TRA-EQ-104;A14-1;Arrêté du 22 décembre 2014;2015-01-01;;1
TRA-EQ-106v14-1;TRA-EQ-106;A14-1;Arrêté du 22 décembre 2014;2015-01-01;;1
TRA-EQ-107v17-1;TRA-EQ-107;A17-1;Arrêté du 31 juillet 2015;2015-01-01;;1
TRA-EQ-108v19-1;TRA-EQ-108;A19-1;Arrêté du 22 décembre 2015 ;2015-01-01;2016-10-09;1
TRA-EQ-108v23-2;TRA-EQ-108;A23-2;Arrêté du 20 octobre 2016 - Rectificatif;2016-10-10;2017-08-08;2
TRA-EQ-108v26-3;TRA-EQ-108;A26-3;Arrêté du 26 juillet 2017 ;2017-08-09;2018-12-18;3
TRA-EQ-108v28-4;TRA-EQ-108;A28-4;Arrêté du 6 décembre 2018 ;2018-12-19;2020-01-30;4
TRA-EQ-108v32-5;TRA-EQ-108;A32-5;Arrêté du 10 janvier 2020 ;2020-01-31;2020-03-31;5
TRA-EQ-108v37-6;TRA-EQ-108;A37-6;Arrêté du 18 décembre 2020 ;2020-04-01;;6
TRA-EQ-109v17-1;TRA-EQ-109;A17-1;Arrêté du 31 juillet 2015;2015-01-01;;1
TRA-EQ-110v19-1;TRA-EQ-110;A19-1;Arrêté du 22 décembre 2015 ;2015-01-01;;1
TRA-EQ-111v24-1;TRA-EQ-111;A24-1;Arrêté du 14 décembre 2016 ;2016-12-23;;1
TRA-EQ-113v14-1;TRA-EQ-113;A14-1;Arrêté du 22 décembre 2014;2015-01-01;;1
TRA-EQ-114v16-1;TRA-EQ-114;A16-1;Arrêté du 29 juin 2015;2015-01-01;;1
TRA-EQ-115v14-1;TRA-EQ-115;A14-1;Arrêté du 22 décembre 2014;2015-01-01;;1
TRA-EQ-117v16-1;TRA-EQ-117;A16-1;Arrêté du 29 juin 2015;2015-01-01;;1
TRA-EQ-118v15-1;TRA-EQ-118;A15-1;Arrêté du 20 mars 2015;2015-01-01;;1
TRA-EQ-119v14-1;TRA-EQ-119;A14-1;Arrêté du 22 décembre 2014;2015-01-01;2015-09-30;1
TRA-EQ-119v17-2;TRA-EQ-119;A17-2;Arrêté du 31 juillet 2015;2015-10-01;;2
TRA-EQ-120v27-1;TRA-EQ-120;A27-1;Arrêté du 22 décembre 2017 ;2018-01-11;;1
TRA-EQ-121v28-1;TRA-EQ-121;A28-1;Arrêté du 6 décembre 2018 ;2018-12-19;2023-12-31;1
TRA-EQ-121v54-2;TRA-EQ-121;A54-2;Arrêté du 15 septembre 2023;2024-01-01;2028-06-30;2
TRA-EQ-122v32-1;TRA-EQ-122;A32-1;Arrêté du 10 janvier 2020 ;2020-01-31;;1
TRA-EQ-123v32-1;TRA-EQ-123;A32-1;Arrêté du 10 janvier 2020 ;2020-01-31;2021-10-31;1
TRA-EQ-123v38-2;TRA-EQ-123;A38-2;Arrêté du 19 juillet 2021 ;2021-11-01;;2
TRA-EQ-124v35-1;TRA-EQ-124;A35-1;Arrêté du 24 juillet 2020 ;2020-08-03;;1
TRA-EQ-125v38-1;TRA-EQ-125;A38-1;Arrêté du 19 juillet 2021 ;2021-07-31;2022-03-31;1
TRA-EQ-125v40-2;TRA-EQ-125;A40-2;Arrêté du 17 décembre 2021 ;2022-04-01;;2
TRA-EQ-126v43-1;TRA-EQ-126;A43-1;Arrêté du 10 février 2022 ;2022-02-23;;1
TRA-EQ-127v54-1;TRA-EQ-127;A54-1;Arrêté du 15 septembre 2023;2023-09-30;2028-06-30;1
TRA-EQ-128v58-1;TRA-EQ-128;A58-1;Arrêté du 22 décembre 2023;2023-12-29;2028-12-31;1
TRA-SE-101v14-1;TRA-SE-101;A14-1;Arrêté du 22 décembre 2014;2015-01-01;;1
TRA-SE-102v14-1;TRA-SE-102;A14-1;Arrêté du 22 décembre 2014;2015-01-01;;1
TRA-SE-104v14-1;TRA-SE-104;A14-1;Arrêté du 22 décembre 2014;2015-01-01;;1
TRA-SE-105v14-1;TRA-SE-105;A14-1;Arrêté du 22 décembre 2014;2015-01-01;;1
TRA-SE-106v17-1;TRA-SE-106;A17-1;Arrêté du 31 juillet 2015;2015-01-01;2014-12-31;1
TRA-SE-106v19-2;TRA-SE-106;A19-2;Arrêté du 22 décembre 2015  - Rectificatif;2015-01-01;;2
TRA-SE-107v19-1;TRA-SE-107;A19-1;Arrêté du 22 décembre 2015 ;2015-01-01;;1
TRA-SE-108v14-1;TRA-SE-108;A14-1;Arrêté du 22 décembre 2014;2015-01-01;;1
TRA-SE-109v14-1;TRA-SE-109;A14-1;Arrêté du 22 décembre 2014;2015-01-01;;1
TRA-SE-110v14-1;TRA-SE-110;A14-1;Arrêté du 22 décembre 2014;2015-01-01;;1
TRA-SE-111v14-1;TRA-SE-111;A14-1;Arrêté du 22 décembre 2014;2015-01-01;;1
TRA-SE-112v15-1;TRA-SE-112;A15-1;Arrêté du 20 mars 2015;2015-01-01;;1
TRA-SE-113v14-1;TRA-SE-113;A14-1;Arrêté du 22 décembre 2014;2015-01-01;;1
TRA-SE-114v47-1;TRA-SE-114;A47-1;Arrêté du 26 septembre 2022 ;2023-01-01;;1
TRA-SE-115v47-1;TRA-SE-115;A47-1;Arrêté du 26 septembre 2022 ;2023-01-01;;1
TRA-SE-116v49-1;TRA-SE-116;A49-1;Arrêté du 21 octobre 2022 ;2022-10-29;2023-12-31;1
TRA-SE-116v54-2;TRA-SE-116;A54-2;Arrêté du 15 septembre 2023;2024-01-01;2028-06-30;2
